ticker,name,价值通道未通过,成长通道未通过
ABG,ABG,"市值, FCF率, EBITDA≤0, 利息覆盖, 毛利率, 营收增长","未达成长通道超卖标准, 市值, 营收增速, 毛利率, 40法则, 利润率未改善"
ABVX,ABVX,"市值, FCF率, EBITDA≤0, 利息覆盖, 毛利率, 营收增长, F-Score","市值, 营收增速, 毛利率, 40法则, 现金跑道, 股权稀释, 利润率未改善"
ACAD,ACAD,"市值, EBITDA≤0, 毛利率, 营收增长","市值, 营收增速, 毛利率, 40法则"
ACHR,ACHR,"市值, FCF率, EBITDA≤0, 利息覆盖, 毛利率, 营收增长, F-Score","市值, 营收增速, 毛利率, 40法则, 现金跑道, 股权稀释, 利润率未改善"
AG,AG,"市值, EBITDA≤0, 毛利率, 营收增长","市值, 营收增速, 毛利率, 40法则, 股权稀释"
AGNC,AGNC,"市值, EBITDA≤0, 毛利率, 营收增长, F-Score","未达成长通道超卖标准, 市值, 营收增速, 毛利率, 40法则, 股权稀释, 利润率未改善"
AIR,AIR,"市值, FCF率, EBITDA≤0, 利息覆盖, 毛利率, 营收增长","市值, 营收增速, 毛利率, 40法则, 股权稀释"
ALB,ALB,"市值, EBITDA≤0, 利息覆盖, 毛利率, 营收增长","市值, 营收增速, 毛利率, 40法则"
ALC,ALC,"市值, EBITDA≤0, 毛利率, 营收增长","未达成长通道超卖标准, 市值, 营收增速, 毛利率, 40法则, 利润率未改善"
ALGN,ALGN,"市值, EBITDA≤0, 毛利率, 营收增长","未达成长通道超卖标准, 市值, 营收增速, 毛利率, 40法则, 利润率未改善"
ALKT,ALKT,"市值, EBITDA≤0, 利息覆盖, 毛利率, 营收增长, F-Score","市值, 营收增速, 毛利率, 40法则"
ALLY,ALLY,"市值, EBITDA≤0, 毛利率, 营收增长, F-Score","未达成长通道超卖标准, 市值, 营收增速, 毛利率, 40法则, 利润率未改善"
AMRZ,AMRZ,"市值, EBITDA≤0, 利息覆盖, 毛利率, 营收增长, F-Score","市值, 营收增速, 毛利率, 40法则, 利润率未改善"
AN,AN,"市值, FCF率, EBITDA≤0, 利息覆盖, 毛利率, 营收增长, F-Score","未达成长通道超卖标准, 市值, 营收增速, 毛利率, 40法则, 现金跑道, 利润率未改善"
ANAB,ANAB,"市值, FCF率, EBITDA≤0, 利息覆盖, 毛利率, 营收增长, F-Score","未达成长通道超卖标准, 市值, 营收增速, 毛利率, 40法则"
AON,AON,"市值, EBITDA≤0, 毛利率, 营收增长","未达成长通道超卖标准, 市值, 营收增速, 毛利率, 40法则"
AORT,AORT,"市值, FCF率, EBITDA≤0, 利息覆盖, 毛利率, 营收增长","市值, 营收增速, 毛利率, 40法则, 现金跑道, 股权稀释, 利润率未改善"
AOS,AOS,"市值, EBITDA≤0, 毛利率, 营收增长","未达成长通道超卖标准, 市值, 营收增速, 毛利率, 40法则"
APAM,APAM,"市值, EBITDA≤0, 毛利率, 营收增长","未达成长通道超卖标准, 市值, 营收增速, 毛利率, 40法则"
APO,APO,"市值, EBITDA≤0, 毛利率, 营收增长, F-Score","未达成长通道超卖标准, 市值, 营收增速, 毛利率, 40法则, 利润率未改善"
ARE,ARE,"市值, EBITDA≤0, 利息覆盖, 毛利率, 营收增长, F-Score","市值, 营收增速, 毛利率, 利润率未改善"
ARES,ARES,"市值, EBITDA≤0, 利息覆盖, 毛利率, 营收增长, F-Score","未达成长通道超卖标准, 市值, 营收增速, 毛利率, 40法则, 股权稀释, 利润率未改善"
ARR,ARR,"市值, EBITDA≤0, 毛利率, 营收增长, F-Score数据不足","未达成长通道超卖标准, 市值, 营收增速, 毛利率, 股权稀释, 利润率未改善"
ARWR,ARWR,"市值, FCF率, EBITDA≤0, 利息覆盖, 毛利率, 营收增长, F-Score","未达成长通道超卖标准, 市值, 营收增速, 毛利率, 40法则, 现金跑道, 股权稀释"
ASR,ASR,"市值, EBITDA≤0, 毛利率, 营收增长, F-Score","市值, 营收增速, 毛利率, 40法则, 利润率未改善"
ATRO,ATRO,"市值, EBITDA≤0, 毛利率, 营收增长","未达成长通道超卖标准, 市值, 营收增速, 毛利率, 40法则"
ATS,ATS,"市值, EBITDA≤0, 利息覆盖, 毛利率, 营收增长","市值, 营收增速, 毛利率, 40法则"
AU,AU,"市值, EBITDA≤0, 毛利率, 营收增长","未达成长通道超卖标准, 市值, 营收增速, 毛利率, 40法则"
AXGN,AXGN,"市值, FCF率, EBITDA≤0, 利息覆盖, 毛利率, 营收增长, F-Score","未达成长通道超卖标准, 市值, 营收增速, 毛利率, 40法则, 利润率未改善"
AXON,AXON,"市值, FCF率, EBITDA≤0, 利息覆盖, 毛利率, 营收增长, F-Score","市值, 营收增速, 毛利率, 40法则, 利润率未改善"
AXSM,AXSM,"市值, FCF率, EBITDA≤0, 利息覆盖, 毛利率, 营收增长, F-Score","未达成长通道超卖标准, 市值, 营收增速, 毛利率, 40法则, 现金跑道"
BANC,BANC,"市值, EBITDA≤0, 毛利率, 营收增长","未达成长通道超卖标准, 市值, 营收增速, 毛利率, 利润率未改善"
BBAI,BBAI,"市值, FCF率, EBITDA≤0, 利息覆盖, 毛利率, 营收增长, F-Score","市值, 营收增速, 毛利率, 40法则, 现金跑道, 股权稀释, 利润率未改善"
BC,BC,"市值, EBITDA≤0, 利息覆盖, 毛利率, 营收增长, F-Score","未达成长通道超卖标准, 市值, 营收增速, 毛利率, 40法则, 利润率未改善"
BCAX,BCAX,"市值, FCF率, EBITDA≤0, 毛利率, 营收增长, F-Score","市值, 营收增速, 毛利率, 40法则, 现金跑道, 利润率未改善"
BCE,BCE,"市值, EBITDA≤0, 利息覆盖, 毛利率, 营收增长","未达成长通道超卖标准, 市值, 营收增速, 毛利率, 40法则, 利润率未改善"
BKD,BKD,"市值, FCF率, EBITDA≤0, 利息覆盖, 毛利率, 营收增长, F-Score","市值, 营收增速, 毛利率, 40法则, 股权稀释"
BKNG,BKNG,"市值, EBITDA≤0, 利息覆盖, 毛利率, 营收增长","未达成长通道超卖标准, 市值, 营收增速, 毛利率, 40法则"
BLDR,"Builders FirstSource, Inc.","FCF率, EBITDA≤0, 利息覆盖, 毛利率, 营收增长, F-Score","营收增速, 毛利率, 40法则, 利润率未改善"
BMRN,BioMarin Pharmaceutical Inc.,"净负债/EBITDA, ROE","未达成长通道超卖标准, 营收增速, 利润率未改善"
BROS,Dutch Bros Inc.,"净负债/EBITDA, 利息覆盖","毛利率, 40法则, 股权稀释"
BULL,Webull Corporation,"FCF率, EBITDA≤0, 毛利率, 营收增长, F-Score","营收增速, 毛利率, 40法则, 股权稀释"
CAG,"ConAgra Brands, Inc.","净负债/EBITDA, 利息覆盖, 毛利率, ROE, 营收增长, F-Score","未达成长通道超卖标准, 营收增速, 毛利率, 40法则, 利润率未改善"
CALM,"Cal-Maine Foods, Inc.","毛利率, ROE, 营收增长, F-Score","未达成长通道超卖标准, 营收增速, 毛利率, 40法则, 利润率未改善"
CALY,Callaway Golf Company,"利息覆盖, ROE","未达成长通道超卖标准, 营收增速, 40法则, 利润率未改善"
CASH,CASH,"市值, EBITDA≤0, 毛利率, 营收增长","未达成长通道超卖标准, 市值, 营收增速, 毛利率, 利润率未改善"
CBRE,CBRE,"市值, FCF率, EBITDA≤0, 毛利率, 营收增长, F-Score","未达成长通道超卖标准, 市值, 营收增速, 毛利率, 40法则, 利润率未改善"
CCS,CCS,"市值, FCF率, EBITDA≤0, 毛利率, 营收增长, F-Score","未达成长通道超卖标准, 市值, 营收增速, 毛利率, 40法则, 利润率未改善"
CDE,CDE,"市值, EBITDA≤0, 毛利率, 营收增长","市值, 营收增速, 毛利率, 40法则, 股权稀释"
CDRE,CDRE,"市值, EBITDA≤0, 利息覆盖, 毛利率, 营收增长","市值, 营收增速, 毛利率, 40法则, 利润率未改善"
CELC,CELC,"市值, FCF率, EBITDA≤0, 利息覆盖, 毛利率, 营收增长, F-Score","市值, 营收增速, 毛利率, 40法则, 现金跑道, 股权稀释, 利润率未改善"
CENX,CENX,"市值, EBITDA≤0, 利息覆盖, 毛利率, 营收增长","市值, 营收增速, 毛利率, 40法则"
CG,CG,"市值, FCF率, EBITDA≤0, 毛利率, 营收增长, F-Score","市值, 营收增速, 毛利率, 40法则, 现金跑道, 利润率未改善"
CGON,CGON,"市值, FCF率, EBITDA≤0, 利息覆盖, 毛利率, 营收增长, F-Score","未达成长通道超卖标准, 市值, 营收增速, 毛利率, 40法则, 现金跑道"
CHDN,CHDN,"市值, EBITDA≤0, 利息覆盖, 毛利率, 营收增长","市值, 营收增速, 毛利率, 40法则, 利润率未改善"
CHRW,CHRW,"市值, FCF率, EBITDA≤0, 毛利率, 营收增长","市值, 营收增速, 毛利率, 40法则"
CHTR,CHTR,"市值, EBITDA≤0, 利息覆盖, 毛利率, 营收增长","市值, 营收增速, 毛利率, 40法则"
CHWY,CHWY,"市值, FCF率, EBITDA≤0, 毛利率, 营收增长","市值, 营收增速, 毛利率, 40法则"
CIGI,CIGI,"市值, FCF率, EBITDA≤0, 利息覆盖, 毛利率, 营收增长","市值, 营收增速, 毛利率, 40法则, 利润率未改善"
CLDX,CLDX,"市值, FCF率, EBITDA≤0, 毛利率, 营收增长, F-Score","未达成长通道超卖标准, 市值, 营收增速, 毛利率, 40法则, 现金跑道, 利润率未改善"
CMCSA,CMCSA,"市值, EBITDA≤0, 毛利率, 营收增长","未达成长通道超卖标准, 市值, 营收增速, 毛利率, 40法则, 利润率未改善"
CMG,CMG,"市值, EBITDA≤0, 毛利率, 营收增长","未达成长通道超卖标准, 市值, 营收增速, 毛利率, 40法则, 利润率未改善"
CMPR,CMPR,"市值, FCF率, EBITDA≤0, 利息覆盖, 毛利率, 营收增长","未达成长通道超卖标准, 市值, 营收增速, 毛利率, 40法则"
CMPS,CMPS,"市值, FCF率, EBITDA≤0, 利息覆盖, 毛利率, 营收增长, F-Score","未达成长通道超卖标准, 市值, 营收增速, 毛利率, 40法则, 现金跑道, 股权稀释, 利润率未改善"
COCO,COCO,"市值, EBITDA≤0, 毛利率, 营收增长","市值, 营收增速, 毛利率, 40法则, 利润率未改善"
COGT,COGT,"市值, FCF率, EBITDA≤0, 利息覆盖, 毛利率, 营收增长, F-Score","未达成长通道超卖标准, 市值, 营收增速, 毛利率, 40法则, 现金跑道, 股权稀释, 利润率未改善"
COO,COO,"市值, EBITDA≤0, 毛利率, 营收增长","市值, 营收增速, 毛利率, 40法则, 利润率未改善"
CPB,CPB,"市值, EBITDA≤0, 利息覆盖, 毛利率, 营收增长","市值, 营收增速, 毛利率, 40法则"
CPRT,CPRT,"市值, EBITDA≤0, 毛利率, 营收增长","市值, 营收增速, 毛利率, 40法则, 利润率未改善"
CRH,CRH,"市值, EBITDA≤0, 毛利率, 营收增长","市值, 营收增速, 毛利率, 40法则"
CRS,CRS,"市值, EBITDA≤0, 毛利率, 营收增长","市值, 营收增速, 毛利率, 40法则"
CTVA,CTVA,"市值, EBITDA≤0, 毛利率, 营收增长","市值, 营收增速, 毛利率, 40法则"
CW,CW,"市值, EBITDA≤0, 毛利率, 营收增长","市值, 营收增速, 毛利率, 40法则"
CWK,CWK,"市值, FCF率, EBITDA≤0, 利息覆盖, 毛利率, 营收增长","未达成长通道超卖标准, 市值, 营收增速, 毛利率, 40法则"
CYD,CYD,"市值, FCF率, EBITDA≤0, 毛利率, 营收增长","市值, 营收增速, 毛利率, 40法则"
CYTK,CYTK,"市值, FCF率, EBITDA≤0, 利息覆盖, 毛利率, 营收增长, F-Score","未达成长通道超卖标准, 市值, 营收增速, 毛利率, 40法则, 现金跑道"
DHC,DHC,"市值, FCF率, EBITDA≤0, 利息覆盖, 毛利率, 营收增长","未达成长通道超卖标准, 市值, 营收增速, 毛利率, 40法则, 现金跑道"
DKNG,DKNG,"市值, EBITDA≤0, 利息覆盖, 毛利率, 营收增长","市值, 营收增速, 毛利率, 40法则"
DLX,DLX,"市值, EBITDA≤0, 利息覆盖, 毛利率, 营收增长","未达成长通道超卖标准, 市值, 营收增速, 毛利率, 40法则"
DMRA,DMRA,"市值, FCF率, EBITDA≤0, 毛利率, 营收增长, F-Score","市值, 营收增速, 毛利率, 40法则, 现金跑道, 股权稀释, 利润率未改善"
DNLI,DNLI,"市值, FCF率, EBITDA≤0, 毛利率, 营收增长, F-Score","未达成长通道超卖标准, 市值, 营收增速, 毛利率, 40法则, 现金跑道, 股权稀释, 利润率未改善"
DNTH,DNTH,"市值, FCF率, EBITDA≤0, 毛利率, 营收增长, F-Score","未达成长通道超卖标准, 市值, 营收增速, 毛利率, 40法则, 现金跑道, 股权稀释, 利润率未改善"
DRS,DRS,"市值, EBITDA≤0, 毛利率, 营收增长","未达成长通道超卖标准, 市值, 营收增速, 毛利率, 40法则"
DX,DX,"市值, EBITDA≤0, 毛利率, 营收增长, F-Score数据不足","未达成长通道超卖标准, 市值, 营收增速, 毛利率, 股权稀释, 利润率未改善"
DYN,DYN,"市值, FCF率, EBITDA≤0, 利息覆盖, 毛利率, 营收增长, F-Score","市值, 营收增速, 毛利率, 40法则, 现金跑道, 股权稀释, 利润率未改善"
EAT,EAT,"市值, EBITDA≤0, 毛利率, 营收增长","未达成长通道超卖标准, 市值, 营收增速, 毛利率, 40法则"
EEFT,EEFT,"市值, EBITDA≤0, 毛利率, 营收增长","未达成长通道超卖标准, 市值, 营收增速, 毛利率, 40法则, 利润率未改善"
EFX,EFX,"市值, EBITDA≤0, 利息覆盖, 毛利率, 营收增长","市值, 营收增速, 毛利率, 40法则, 利润率未改善"
ELE,ELE,"市值, FCF率, EBITDA≤0, 毛利率, 营收增长","未达成长通道超卖标准, 市值, 营收增速, 毛利率, 40法则, 现金跑道, 股权稀释"
ELVN,ELVN,"市值, FCF率, EBITDA≤0, 毛利率, 营收增长, F-Score","未达成长通道超卖标准, 市值, 营收增速, 毛利率, 40法则, 现金跑道, 股权稀释, 利润率未改善"
EPRT,EPRT,"市值, EBITDA≤0, 利息覆盖, 毛利率, 营收增长","未达成长通道超卖标准, 市值, 营收增速, 毛利率, 股权稀释"
ESLT,ESLT,"市值, EBITDA≤0, 毛利率, 营收增长, F-Score数据不足","未达成长通道超卖标准, 市值, 营收增速, 毛利率, 40法则"
ETOR,ETOR,"市值, FCF率, EBITDA≤0, 毛利率, 营收增长","市值, 营收增速, 毛利率, 40法则, 利润率未改善"
EXK,EXK,"市值, FCF率, EBITDA≤0, 利息覆盖, 毛利率, 营收增长, F-Score","市值, 营收增速, 毛利率, 40法则, 现金跑道, 股权稀释"
EXP,EXP,"市值, EBITDA≤0, 毛利率, 营收增长, F-Score","未达成长通道超卖标准, 市值, 营收增速, 毛利率, 40法则, 利润率未改善"
EXPE,EXPE,"市值, EBITDA≤0, 毛利率, 营收增长","未达成长通道超卖标准, 市值, 营收增速, 毛利率, 40法则"
F,F,"市值, FCF率, EBITDA≤0, 利息覆盖, 毛利率, 营收增长, F-Score","未达成长通道超卖标准, 市值, 营收增速, 毛利率, 40法则, 利润率未改善"
FAF,FAF,"市值, EBITDA≤0, 毛利率, 营收增长","未达成长通道超卖标准, 市值, 营收增速, 毛利率, 40法则, 利润率未改善"
FER,FER,"市值, FCF率, EBITDA≤0, 利息覆盖, 毛利率, 营收增长","未达成长通道超卖标准, 市值, 营收增速, 毛利率, 40法则"
FG,FG,"市值, EBITDA≤0, 利息覆盖, 毛利率, 营收增长, F-Score","市值, 营收增速, 毛利率, 利润率未改善"
FICO,FICO,"市值, EBITDA≤0, 毛利率, 营收增长","市值, 营收增速, 毛利率"
FIGR,FIGR,"市值, FCF率, EBITDA≤0, 利息覆盖, 毛利率, 营收增长","市值, 营收增速, 毛利率, 40法则, 现金跑道"
FIVE,FIVE,"市值, EBITDA≤0, 毛利率, 营收增长","未达成长通道超卖标准, 市值, 营收增速, 毛利率, 40法则"
FLG,FLG,"市值, FCF率, EBITDA≤0, 毛利率, 营收增长, F-Score","未达成长通道超卖标准, 市值, 营收增速, 毛利率, 40法则, 利润率未改善"
FLUT,FLUT,"市值, FCF率, EBITDA≤0, 利息覆盖, 毛利率, 营收增长, F-Score","市值, 营收增速, 毛利率, 40法则, 利润率未改善"
FMS,FMS,"市值, EBITDA≤0, 利息覆盖, 毛利率, 营收增长","未达成长通道超卖标准, 市值, 营收增速, 毛利率, 40法则"
FNF,FNF,"市值, EBITDA≤0, 毛利率, 营收增长, F-Score","未达成长通道超卖标准, 市值, 营收增速, 毛利率, 40法则, 利润率未改善"
FRMI,FRMI,"市值, FCF率, EBITDA≤0, 毛利率, 营收增长, F-Score数据不足","市值, 营收增速, 毛利率, 40法则, 现金跑道, 股权稀释, 利润率未改善"
FSK,FSK,"市值, FCF率, EBITDA≤0, 毛利率, 营收增长, F-Score","未达成长通道超卖标准, 市值, 营收增速, 毛利率, 40法则, 利润率未改善"
FSM,FSM,"市值, EBITDA≤0, 毛利率, 营收增长","未达成长通道超卖标准, 市值, 营收增速, 毛利率"
GBCI,GBCI,"市值, EBITDA≤0, 毛利率, 营收增长","未达成长通道超卖标准, 市值, 营收增速, 毛利率, 40法则, 股权稀释, 利润率未改善"
GBX,GBX,"市值, FCF率, EBITDA≤0, 利息覆盖, 毛利率, 营收增长","未达成长通道超卖标准, 市值, 营收增速, 毛利率, 40法则, 现金跑道"
GE,GE,"市值, EBITDA≤0, 毛利率, 营收增长","未达成长通道超卖标准, 市值, 营收增速, 毛利率, 40法则"
GEN,GEN,"市值, EBITDA≤0, 利息覆盖, 毛利率, 营收增长","未达成长通道超卖标准, 市值, 营收增速, 毛利率, 40法则"
GFI,GFI,"市值, FCF率, EBITDA≤0, 毛利率, 营收增长","市值, 营收增速, 毛利率, 40法则"
GGAL,GGAL,"市值, FCF率, EBITDA≤0, 毛利率, 营收增长, F-Score","市值, 营收增速, 毛利率, 40法则, 利润率未改善"
GHRS,GHRS,"市值, FCF率, EBITDA≤0, 利息覆盖, 毛利率, 营收增长, F-Score","未达成长通道超卖标准, 市值, 营收增速, 毛利率, 40法则, 现金跑道, 股权稀释, 利润率未改善"
GIII,GIII,"市值, EBITDA≤0, 毛利率, 营收增长, F-Score","未达成长通道超卖标准, 市值, 营收增速, 毛利率, 40法则, 利润率未改善"
GIL,GIL,"市值, EBITDA≤0, 利息覆盖, 毛利率, 营收增长, F-Score","市值, 营收增速, 毛利率, 40法则, 股权稀释"
GIS,GIS,"市值, EBITDA≤0, 利息覆盖, 毛利率, 营收增长, F-Score","未达成长通道超卖标准, 市值, 营收增速, 毛利率, 40法则, 利润率未改善"
GNTX,GNTX,"市值, EBITDA≤0, 毛利率, 营收增长","未达成长通道超卖标准, 市值, 营收增速, 毛利率, 40法则, 利润率未改善"
GOLF,GOLF,"市值, EBITDA≤0, 利息覆盖, 毛利率, 营收增长, F-Score","未达成长通道超卖标准, 市值, 营收增速, 毛利率, 40法则, 利润率未改善"
GPCR,GPCR,"市值, FCF率, EBITDA≤0, 毛利率, 营收增长, F-Score","市值, 营收增速, 毛利率, 40法则, 现金跑道, 股权稀释, 利润率未改善"
GPK,GPK,"市值, FCF率, EBITDA≤0, 利息覆盖, 毛利率, 营收增长, F-Score","市值, 营收增速, 毛利率, 40法则, 利润率未改善"
GS,GS,"市值, FCF率, EBITDA≤0, 毛利率, 营收增长, F-Score","未达成长通道超卖标准, 市值, 营收增速, 毛利率, 40法则, 现金跑道, 利润率未改善"
GSHD,GSHD,"市值, EBITDA≤0, 利息覆盖, 毛利率, 营收增长, F-Score","市值, 营收增速, 毛利率, 40法则, 利润率未改善"
GT,GT,"市值, FCF率, EBITDA≤0, 利息覆盖, 毛利率, 营收增长","市值, 营收增速, 毛利率, 40法则, 利润率未改善"
GTY,GTY,"市值, EBITDA≤0, 利息覆盖, 毛利率, 营收增长","未达成长通道超卖标准, 市值, 营收增速, 毛利率, 股权稀释"
HAPN,HAPN,"市值, FCF率, EBITDA≤0, 毛利率, 营收增长, F-Score","未达成长通道超卖标准, 市值, 营收增速, 毛利率, 40法则, 现金跑道, 利润率未改善"
HAYW,HAYW,"市值, EBITDA≤0, 利息覆盖, 毛利率, 营收增长","未达成长通道超卖标准, 市值, 营收增速, 毛利率, 40法则"
HD,HD,"市值, EBITDA≤0, 毛利率, 营收增长, F-Score","未达成长通道超卖标准, 市值, 营收增速, 毛利率, 40法则, 利润率未改善"
HE,HE,"市值, FCF率, EBITDA≤0, 利息覆盖, 毛利率, 营收增长","市值, 营收增速, 毛利率, 40法则, 现金跑道"
HEI,HEI,"市值, EBITDA≤0, 毛利率, 营收增长","未达成长通道超卖标准, 市值, 营收增速, 毛利率, 40法则"
HGV,HGV,"市值, EBITDA≤0, 利息覆盖, 毛利率, 营收增长","市值, 营收增速, 毛利率, 40法则, 利润率未改善"
HMY,HMY,"市值, FCF率, EBITDA≤0, 毛利率, 营收增长","市值, 营收增速, 毛利率, 40法则"
HOS,HOS,"市值, FCF率, EBITDA≤0, 利息覆盖, 毛利率, 营收增长, F-Score","未达成长通道超卖标准, 市值, 营收增速, 毛利率, 40法则, 股权稀释, 利润率未改善"
HR,HR,"市值, EBITDA≤0, 利息覆盖, 毛利率, 营收增长","未达成长通道超卖标准, 市值, 营收增速, 毛利率, 40法则"
HRL,HRL,"市值, EBITDA≤0, 毛利率, 营收增长","未达成长通道超卖标准, 市值, 营收增速, 毛利率, 40法则, 利润率未改善"
HROW,HROW,"市值, FCF率, EBITDA≤0, 利息覆盖, 毛利率, 营收增长, F-Score","市值, 营收增速, 毛利率, 40法则, 现金跑道"
HSY,HSY,"市值, EBITDA≤0, 毛利率, 营收增长, F-Score","未达成长通道超卖标准, 市值, 营收增速, 毛利率, 40法则, 利润率未改善"
HUBG,HUBG,"市值, FCF率, EBITDA≤0, 毛利率, 营收增长","市值, 营收增速, 毛利率, 40法则, 利润率未改善"
HXL,HXL,"市值, EBITDA≤0, 利息覆盖, 毛利率, 营收增长","未达成长通道超卖标准, 市值, 营收增速, 毛利率, 40法则, 利润率未改善"
HYMC,HYMC,"市值, FCF率, EBITDA≤0, 利息覆盖, 毛利率, 营收增长, F-Score","市值, 营收增速, 毛利率, 40法则, 现金跑道, 股权稀释, 利润率未改善"
IART,IART,"市值, FCF率, EBITDA≤0, 利息覆盖, 毛利率, 营收增长, F-Score","未达成长通道超卖标准, 市值, 营收增速, 毛利率, 40法则, 利润率未改善"
IAUX,IAUX,"市值, FCF率, EBITDA≤0, 利息覆盖, 毛利率, 营收增长, F-Score","未达成长通道超卖标准, 市值, 营收增速, 毛利率, 40法则, 现金跑道, 股权稀释"
IBP,IBP,"市值, EBITDA≤0, 毛利率, 营收增长","市值, 营收增速, 毛利率, 40法则, 利润率未改善"
IMCR,IMCR,"市值, FCF率, EBITDA≤0, 利息覆盖, 毛利率, 营收增长, F-Score","未达成长通道超卖标准, 市值, 营收增速, 毛利率, 40法则, 现金跑道"
IMNM,IMNM,"市值, FCF率, EBITDA≤0, 利息覆盖, 毛利率, 营收增长, F-Score","市值, 营收增速, 毛利率, 40法则, 现金跑道, 股权稀释, 利润率未改善"
IMTX,IMTX,"市值, FCF率, EBITDA≤0, 利息覆盖, 毛利率, 营收增长, F-Score","市值, 营收增速, 毛利率, 40法则, 现金跑道, 股权稀释, 利润率未改善"
IMVT,IMVT,"市值, FCF率, EBITDA≤0, 毛利率, 营收增长, F-Score","未达成长通道超卖标准, 市值, 营收增速, 毛利率, 40法则, 现金跑道, 股权稀释, 利润率未改善"
INSM,INSM,"市值, FCF率, EBITDA≤0, 利息覆盖, 毛利率, 营收增长, F-Score","市值, 营收增速, 毛利率, 40法则, 现金跑道, 股权稀释"
IONS,IONS,"市值, FCF率, EBITDA≤0, 利息覆盖, 毛利率, 营收增长, F-Score","市值, 营收增速, 毛利率, 40法则, 现金跑道"
IP,IP,"市值, FCF率, EBITDA≤0, 利息覆盖, 毛利率, 营收增长, F-Score","未达成长通道超卖标准, 市值, 营收增速, 毛利率, 40法则, 股权稀释, 利润率未改善"
IRON,IRON,"市值, FCF率, EBITDA≤0, 利息覆盖, 毛利率, 营收增长, F-Score","未达成长通道超卖标准, 市值, 营收增速, 毛利率, 40法则, 现金跑道, 股权稀释, 利润率未改善"
IRTC,IRTC,"市值, FCF率, EBITDA≤0, 利息覆盖, 毛利率, 营收增长","市值, 营收增速, 毛利率, 40法则"
ITRI,ITRI,"市值, EBITDA≤0, 毛利率, 营收增长","市值, 营收增速, 毛利率, 40法则"
JBHT,JBHT,"市值, EBITDA≤0, 毛利率, 营收增长","未达成长通道超卖标准, 市值, 营收增速, 毛利率, 40法则"
JBLU,JBLU,"市值, FCF率, EBITDA≤0, 利息覆盖, 毛利率, 营收增长, F-Score","市值, 营收增速, 毛利率, 40法则, 现金跑道, 利润率未改善"
JBTM,JBTM,"市值, EBITDA≤0, 利息覆盖, 毛利率, 营收增长, F-Score","市值, 营收增速, 毛利率, 40法则, 股权稀释, 利润率未改善"
JEF,JEF,"市值, EBITDA≤0, 利息覆盖, 毛利率, 营收增长, F-Score","未达成长通道超卖标准, 市值, 营收增速, 毛利率, 40法则, 利润率未改善"
JHX,JHX,"市值, EBITDA≤0, 利息覆盖, 毛利率, 营收增长, F-Score","未达成长通道超卖标准, 市值, 营收增速, 毛利率, 40法则, 股权稀释, 利润率未改善"
JLL,JLL,"市值, FCF率, EBITDA≤0, 毛利率, 营收增长","未达成长通道超卖标准, 市值, 营收增速, 毛利率, 40法则"
JOBY,JOBY,"市值, FCF率, EBITDA≤0, 利息覆盖, 毛利率, 营收增长, F-Score","市值, 营收增速, 毛利率, 40法则, 现金跑道, 股权稀释"
KAI,KAI,"市值, EBITDA≤0, 毛利率, 营收增长","未达成长通道超卖标准, 市值, 营收增速, 毛利率, 40法则, 利润率未改善"
KBH,KBH,"市值, EBITDA≤0, 毛利率, 营收增长, F-Score","未达成长通道超卖标准, 市值, 营收增速, 毛利率, 40法则, 利润率未改善"
KBR,KBR,"市值, FCF率, EBITDA≤0, 利息覆盖, 毛利率, 营收增长","未达成长通道超卖标准, 市值, 营收增速, 毛利率, 40法则"
KGC,KGC,"市值, EBITDA≤0, 毛利率, 营收增长","市值, 营收增速, 毛利率, 40法则"
KKR,KKR,"市值, EBITDA≤0, 利息覆盖, 毛利率, 营收增长","市值, 营收增速, 毛利率, 40法则, 利润率未改善"
KNF,KNF,"市值, FCF率, EBITDA≤0, 利息覆盖, 毛利率, 营收增长, F-Score","市值, 营收增速, 毛利率, 40法则, 利润率未改善"
KRG,KRG,"市值, EBITDA≤0, 利息覆盖, 毛利率, 营收增长","未达成长通道超卖标准, 市值, 营收增速, 毛利率, 40法则"
KRMN,KRMN,"市值, FCF率, EBITDA≤0, 利息覆盖, 毛利率, 营收增长, F-Score","市值, 营收增速, 毛利率, 40法则, 现金跑道, 利润率未改善"
KTOS,KTOS,"市值, FCF率, EBITDA≤0, 利息覆盖, 毛利率, 营收增长, F-Score","市值, 营收增速, 毛利率, 40法则, 现金跑道, 股权稀释, 利润率未改善"
LAD,LAD,"市值, FCF率, EBITDA≤0, 利息覆盖, 毛利率, 营收增长, F-Score","未达成长通道超卖标准, 市值, 营收增速, 毛利率, 40法则, 现金跑道, 利润率未改善"
LBRX,LBRX,"市值, FCF率, EBITDA≤0, 毛利率, 营收增长, F-Score","未达成长通道超卖标准, 市值, 营收增速, 毛利率, 40法则, 现金跑道, 股权稀释, 利润率未改善"
LBTYA,LBTYA,"市值, FCF率, EBITDA≤0, 利息覆盖, 毛利率, 营收增长, F-Score","未达成长通道超卖标准, 市值, 营收增速, 毛利率, 40法则, 现金跑道"
LBTYK,LBTYK,"市值, FCF率, EBITDA≤0, 利息覆盖, 毛利率, 营收增长, F-Score","未达成长通道超卖标准, 市值, 营收增速, 毛利率, 40法则, 现金跑道"
LCID,LCID,"市值, FCF率, EBITDA≤0, 利息覆盖, 毛利率, 营收增长, F-Score","市值, 营收增速, 毛利率, 40法则, 现金跑道"
LCII,LCII,"市值, EBITDA≤0, 毛利率, 营收增长","市值, 营收增速, 毛利率, 40法则"
LDOS,LDOS,"市值, EBITDA≤0, 毛利率, 营收增长","市值, 营收增速, 毛利率, 40法则"
LGIH,LGIH,"市值, EBITDA≤0, 毛利率, 营收增长, F-Score","未达成长通道超卖标准, 市值, 营收增速, 毛利率, 40法则, 利润率未改善"
LHX,LHX,"市值, EBITDA≤0, 利息覆盖, 毛利率, 营收增长","市值, 营收增速, 毛利率, 40法则"
LINE,LINE,"市值, FCF率, EBITDA≤0, 利息覆盖, 毛利率, 营收增长, F-Score","未达成长通道超卖标准, 市值, 营收增速, 毛利率, 40法则, 利润率未改善"
LKQ,LKQ,"市值, FCF率, EBITDA≤0, 利息覆盖, 毛利率, 营收增长, F-Score","未达成长通道超卖标准, 市值, 营收增速, 毛利率, 40法则, 利润率未改善"
LMT,LMT,"市值, EBITDA≤0, 毛利率, 营收增长","未达成长通道超卖标准, 市值, 营收增速, 毛利率, 40法则"
LOAR,LOAR,"市值, EBITDA≤0, 利息覆盖, 毛利率, 营收增长","未达成长通道超卖标准, 市值, 营收增速, 毛利率, 40法则"
LOB,LOB,"市值, EBITDA≤0, 毛利率, 营收增长, F-Score","未达成长通道超卖标准, 市值, 营收增速, 毛利率, 利润率未改善"
LOW,LOW,"市值, EBITDA≤0, 毛利率, 营收增长","市值, 营收增速, 毛利率, 40法则, 利润率未改善"
LQDA,LQDA,"市值, EBITDA≤0, 利息覆盖, 毛利率, 营收增长, F-Score","市值, 营收增速, 毛利率, 40法则"
LULU,LULU,"市值, EBITDA≤0, 毛利率, 营收增长, F-Score","市值, 营收增速, 毛利率, 40法则, 利润率未改善"
LVS,LVS,"市值, EBITDA≤0, 利息覆盖, 毛利率, 营收增长","市值, 营收增速, 毛利率, 40法则"
MBLY,MBLY,"市值, EBITDA≤0, 毛利率, 营收增长","市值, 营收增速, 毛利率, 40法则"
MC,MC,"市值, EBITDA≤0, 毛利率, 营收增长","未达成长通道超卖标准, 市值, 营收增速, 毛利率, 40法则"
MCD,MCD,"市值, EBITDA≤0, 毛利率, 营收增长","未达成长通道超卖标准, 市值, 营收增速, 毛利率, 40法则"
MGM,MGM,"市值, EBITDA≤0, 利息覆盖, 毛利率, 营收增长","市值, 营收增速, 毛利率, 40法则, 利润率未改善"
MGTX,MGTX,"市值, FCF率, EBITDA≤0, 利息覆盖, 毛利率, 营收增长, F-Score","未达成长通道超卖标准, 市值, 营收增速, 毛利率, 40法则, 现金跑道"
MHO,MHO,"市值, FCF率, EBITDA≤0, 毛利率, 营收增长, F-Score","未达成长通道超卖标准, 市值, 营收增速, 毛利率, 40法则, 利润率未改善"
MIAX,MIAX,"市值, EBITDA≤0, 利息覆盖, 毛利率, 营收增长, F-Score","市值, 营收增速, 毛利率, 40法则"
MIRM,MIRM,"市值, FCF率, EBITDA≤0, 利息覆盖, 毛利率, 营收增长","市值, 营收增速, 毛利率, 40法则, 现金跑道"
MKC,MKC,"市值, EBITDA≤0, 利息覆盖, 毛利率, 营收增长","市值, 营收增速, 毛利率, 40法则"
MLCO,MLCO,"市值, FCF率, EBITDA≤0, 利息覆盖, 毛利率, 营收增长","市值, 营收增速, 毛利率, 40法则"
MLYS,MLYS,"市值, FCF率, EBITDA≤0, 利息覆盖, 毛利率, 营收增长, F-Score","市值, 营收增速, 毛利率, 40法则, 现金跑道, 股权稀释, 利润率未改善"
MMYT,MMYT,"市值, EBITDA≤0, 利息覆盖, 毛利率, 营收增长","市值, 营收增速, 毛利率, 40法则"
MNR,MNR,"市值, EBITDA≤0, 利息覆盖, 毛利率, 营收增长, F-Score","未达成长通道超卖标准, 市值, 营收增速, 毛利率, 40法则, 股权稀释, 利润率未改善"
MOS,MOS,"市值, FCF率, EBITDA≤0, 毛利率, 营收增长","市值, 营收增速, 毛利率, 40法则, 现金跑道"
MPT,MPT,"市值, EBITDA≤0, 毛利率, 营收增长, F-Score","市值, 营收增速, 毛利率, 40法则"
MRP,MRP,"市值, EBITDA≤0, 利息覆盖, 毛利率, 营收增长","未达成长通道超卖标准, 市值, 营收增速, 毛利率, 利润率未改善"
MRTN,MRTN,"市值, FCF率, EBITDA≤0, 毛利率, 营收增长","未达成长通道超卖标准, 市值, 营收增速, 毛利率, 40法则, 利润率未改善"
MT,MT,"市值, FCF率, EBITDA≤0, 毛利率, 营收增长","未达成长通道超卖标准, 市值, 营收增速, 毛利率, 40法则, 现金跑道, 利润率未改善"
MTX,MTX,"市值, EBITDA≤0, 利息覆盖, 毛利率, 营收增长, F-Score","未达成长通道超卖标准, 市值, 营收增速, 毛利率, 40法则, 利润率未改善"
MWA,MWA,"市值, EBITDA≤0, 毛利率, 营收增长","未达成长通道超卖标准, 市值, 营收增速, 毛利率, 40法则"
NBTX,NBTX,"市值, FCF率, EBITDA≤0, 利息覆盖, 毛利率, 营收增长, F-Score","市值, 营收增速, 毛利率, 40法则, 利润率未改善"
NESR,NESR,"市值, EBITDA≤0, 利息覆盖, 毛利率, 营收增长, F-Score","未达成长通道超卖标准, 市值, 营收增速, 毛利率, 40法则, 利润率未改善"
NHI,NHI,"市值, EBITDA≤0, 利息覆盖, 毛利率, 营收增长","未达成长通道超卖标准, 市值, 营收增速, 毛利率, 利润率未改善"
NKE,NKE,"市值, FCF率, EBITDA≤0, 毛利率, 营收增长, F-Score","市值, 营收增速, 毛利率, 40法则"
NKTR,NKTR,"市值, FCF率, EBITDA≤0, 利息覆盖, 毛利率, 营收增长, F-Score","市值, 营收增速, 毛利率, 40法则, 现金跑道, 股权稀释, 利润率未改善"
NLY,NLY,"市值, FCF率, EBITDA≤0, 毛利率, 营收增长, F-Score","未达成长通道超卖标准, 市值, 营收增速, 毛利率, 40法则, 现金跑道, 股权稀释, 利润率未改善"
NMRK,NMRK,"市值, EBITDA≤0, 毛利率, 营收增长","市值, 营收增速, 毛利率, 40法则"
NN,NN,"市值, FCF率, EBITDA≤0, 利息覆盖, 毛利率, 营收增长, F-Score","市值, 营收增速, 毛利率, 40法则, 现金跑道, 利润率未改善"
NOC,NOC,"市值, EBITDA≤0, 毛利率, 营收增长","市值, 营收增速, 毛利率, 40法则, 利润率未改善"
NPKI,NPKI,"市值, EBITDA≤0, 毛利率, 营收增长","未达成长通道超卖标准, 市值, 营收增速, 毛利率, 40法则"
NTST,NTST,"市值, EBITDA≤0, 利息覆盖, 毛利率, 营收增长","未达成长通道超卖标准, 市值, 营收增速, 毛利率, 股权稀释"
NUVB,NUVB,"市值, FCF率, EBITDA≤0, 利息覆盖, 毛利率, 营收增长, F-Score","市值, 营收增速, 毛利率, 40法则, 现金跑道"
NVCR,NVCR,"市值, FCF率, EBITDA≤0, 利息覆盖, 毛利率, 营收增长, F-Score","未达成长通道超卖标准, 市值, 营收增速, 毛利率, 40法则, 现金跑道"
NVO,NVO,"市值, EBITDA≤0, 毛利率, 营收增长, F-Score","市值, 营收增速, 毛利率, 40法则, 利润率未改善"
NVST,NVST,"市值, EBITDA≤0, 利息覆盖, 毛利率, 营收增长","未达成长通道超卖标准, 市值, 营收增速, 毛利率, 40法则"
OC,OC,"市值, EBITDA≤0, 利息覆盖, 毛利率, 营收增长, F-Score","未达成长通道超卖标准, 市值, 营收增速, 毛利率, 40法则, 利润率未改善"
OCUL,OCUL,"市值, FCF率, EBITDA≤0, 利息覆盖, 毛利率, 营收增长, F-Score","市值, 营收增速, 毛利率, 40法则, 现金跑道, 股权稀释, 利润率未改善"
OMAB,OMAB,"市值, EBITDA≤0, 毛利率, 营收增长","未达成长通道超卖标准, 市值, 营收增速, 毛利率"
OPEN,OPEN,"市值, FCF率, EBITDA≤0, 利息覆盖, 毛利率, 营收增长, F-Score","市值, 营收增速, 毛利率, 40法则, 现金跑道, 股权稀释, 利润率未改善"
ORC,ORC,"市值, EBITDA≤0, 毛利率, 营收增长, F-Score数据不足","未达成长通道超卖标准, 市值, 营收增速, 毛利率, 股权稀释, 利润率未改善"
ORKA,ORKA,"市值, FCF率, EBITDA≤0, 毛利率, 营收增长, F-Score数据不足","未达成长通道超卖标准, 市值, 营收增速, 毛利率, 40法则, 现金跑道, 股权稀释, 利润率未改善"
OSK,OSK,"市值, EBITDA≤0, 毛利率, 营收增长, F-Score","未达成长通道超卖标准, 市值, 营收增速, 毛利率, 40法则, 利润率未改善"
OTF,OTF,"市值, FCF率, EBITDA≤0, 利息覆盖, 毛利率, 营收增长, F-Score","未达成长通道超卖标准, 市值, 营收增速, 毛利率, 40法则, 现金跑道, 股权稀释, 利润率未改善"
OWL,OWL,"市值, EBITDA≤0, 利息覆盖, 毛利率, 营收增长, F-Score","市值, 营收增速, 毛利率, 股权稀释, 利润率未改善"
OXLC,OXLC,"市值, FCF率, EBITDA≤0, 毛利率, 营收增长, F-Score","未达成长通道超卖标准, 市值, 营收增速, 毛利率, 40法则, 利润率未改善"
PATK,PATK,"市值, FCF率, EBITDA≤0, 利息覆盖, 毛利率, 营收增长","市值, 营收增速, 毛利率, 40法则"
PAYX,PAYX,"市值, EBITDA≤0, 毛利率, 营收增长","未达成长通道超卖标准, 市值, 营收增速, 毛利率, 40法则, 利润率未改善"
PCAR,PCAR,"市值, EBITDA≤0, 毛利率, 营收增长, F-Score","未达成长通道超卖标准, 市值, 营收增速, 毛利率, 40法则, 利润率未改善"
PEP,PEP,"市值, EBITDA≤0, 毛利率, 营收增长, F-Score","未达成长通道超卖标准, 市值, 营收增速, 毛利率, 40法则"
PFSI,PFSI,"市值, FCF率, EBITDA≤0, 毛利率, 营收增长, F-Score","市值, 营收增速, 毛利率, 40法则, 现金跑道, 利润率未改善"
PHIN,PHIN,"市值, EBITDA≤0, 利息覆盖, 毛利率, 营收增长","未达成长通道超卖标准, 市值, 营收增速, 毛利率, 40法则, 利润率未改善"
PII,PII,"市值, FCF率, EBITDA≤0, 利息覆盖, 毛利率, 营收增长, F-Score","未达成长通道超卖标准, 市值, 营收增速, 毛利率, 40法则, 利润率未改善"
PIPR,PIPR,"市值, EBITDA≤0, 毛利率, 营收增长","未达成长通道超卖标准, 市值, 营收增速, 毛利率, 40法则, 利润率未改善"
PJT,PJT,"市值, EBITDA≤0, 毛利率, 营收增长","未达成长通道超卖标准, 市值, 营收增速, 毛利率, 40法则"
PLUG,PLUG,"市值, FCF率, EBITDA≤0, 利息覆盖, 毛利率, 营收增长, F-Score","市值, 营收增速, 毛利率, 40法则, 现金跑道, 股权稀释"
PNR,PNR,"市值, EBITDA≤0, 毛利率, 营收增长","市值, 营收增速, 毛利率, 40法则"
PONY,PONY,"市值, FCF率, EBITDA≤0, 毛利率, 营收增长, F-Score","市值, 营收增速, 毛利率, 40法则, 现金跑道, 股权稀释"
POOL,POOL,"市值, EBITDA≤0, 毛利率, 营收增长, F-Score","市值, 营收增速, 毛利率, 40法则, 利润率未改善"
POST,POST,"市值, EBITDA≤0, 利息覆盖, 毛利率, 营收增长, F-Score","市值, 营收增速, 毛利率, 40法则"
PPTA,PPTA,"市值, FCF率, EBITDA≤0, 毛利率, 营收增长, F-Score","市值, 营收增速, 毛利率, 40法则, 现金跑道, 股权稀释, 利润率未改善"
PRAX,PRAX,"市值, FCF率, EBITDA≤0, 毛利率, 营收增长, F-Score","未达成长通道超卖标准, 市值, 营收增速, 毛利率, 40法则, 现金跑道, 股权稀释, 利润率未改善"
PRG,PRG,"市值, EBITDA≤0, 利息覆盖, 毛利率, 营收增长","市值, 营收增速, 毛利率, 40法则, 利润率未改善"
PRMB,PRMB,"市值, FCF率, EBITDA≤0, 利息覆盖, 毛利率, 营收增长","未达成长通道超卖标准, 市值, 营收增速, 毛利率, 40法则, 利润率未改善"
PUK,PUK,"市值, FCF率, EBITDA≤0, 毛利率, 营收增长","未达成长通道超卖标准, 市值, 营收增速, 毛利率, 40法则, 利润率未改善"
QS,QS,"市值, FCF率, EBITDA≤0, 利息覆盖, 毛利率, 营收增长, F-Score","市值, 营收增速, 毛利率, 40法则, 现金跑道, 股权稀释, 利润率未改善"
QURE,QURE,"市值, FCF率, EBITDA≤0, 利息覆盖, 毛利率, 营收增长, F-Score","市值, 营收增速, 毛利率, 40法则, 现金跑道, 股权稀释, 利润率未改善"
RAPP,RAPP,"市值, FCF率, EBITDA≤0, 毛利率, 营收增长, F-Score","市值, 营收增速, 毛利率, 40法则, 现金跑道, 股权稀释, 利润率未改善"
RCI,RCI,"市值, EBITDA≤0, 利息覆盖, 毛利率, 营收增长, F-Score","未达成长通道超卖标准, 市值, 营收增速, 毛利率, 40法则, 利润率未改善"
REZI,REZI,"市值, FCF率, EBITDA≤0, 利息覆盖, 毛利率, 营收增长, F-Score","市值, 营收增速, 毛利率, 40法则, 现金跑道"
RH,RH,"市值, EBITDA≤0, 利息覆盖, 毛利率, 营收增长","市值, 营收增速, 毛利率, 40法则"
RHI,RHI,"市值, FCF率, EBITDA≤0, 毛利率, 营收增长, F-Score","未达成长通道超卖标准, 市值, 营收增速, 毛利率, 40法则, 利润率未改善"
RITM,RITM,"市值, FCF率, EBITDA≤0, 毛利率, 营收增长, F-Score","未达成长通道超卖标准, 市值, 营收增速, 毛利率, 40法则, 现金跑道, 利润率未改善"
ROCK,ROCK,"市值, FCF率, EBITDA≤0, 毛利率, 营收增长, F-Score","市值, 营收增速, 毛利率, 40法则, 利润率未改善"
RSI,RSI,"市值, EBITDA≤0, 毛利率, 营收增长","市值, 营收增速, 毛利率, 40法则, 股权稀释"
RTO,RTO,"市值, FCF率, EBITDA≤0, 利息覆盖, 毛利率, 营收增长","市值, 营收增速, 毛利率, 40法则, 利润率未改善"
RTX,RTX,"市值, EBITDA≤0, 利息覆盖, 毛利率, 营收增长","未达成长通道超卖标准, 市值, 营收增速, 毛利率, 40法则"
RYN,RYN,"市值, EBITDA≤0, 利息覆盖, 毛利率, 营收增长, F-Score","未达成长通道超卖标准, 市值, 营收增速, 毛利率, 40法则, 股权稀释, 利润率未改善"
RYTM,RYTM,"市值, FCF率, EBITDA≤0, 利息覆盖, 毛利率, 营收增长","未达成长通道超卖标准, 市值, 营收增速, 毛利率, 40法则, 现金跑道"
SAH,SAH,"市值, FCF率, EBITDA≤0, 利息覆盖, 毛利率, 营收增长","市值, 营收增速, 毛利率, 40法则, 现金跑道"
SARO,SARO,"市值, FCF率, EBITDA≤0, 利息覆盖, 毛利率, 营收增长","市值, 营收增速, 毛利率, 40法则"
SE,SE,"市值, EBITDA≤0, 毛利率, 营收增长","市值, 营收增速, 毛利率, 40法则"
SF,SF,"市值, EBITDA≤0, 毛利率, 营收增长","未达成长通道超卖标准, 市值, 营收增速, 毛利率, 40法则, 利润率未改善"
SFD,SFD,"市值, EBITDA≤0, 毛利率, 营收增长","市值, 营收增速, 毛利率, 40法则"
SGHC,SGHC,"市值, EBITDA≤0, 毛利率, 营收增长","未达成长通道超卖标准, 市值, 营收增速, 毛利率, 40法则"
SLGN,SLGN,"市值, EBITDA≤0, 利息覆盖, 毛利率, 营收增长","未达成长通道超卖标准, 市值, 营收增速, 毛利率, 40法则"
SLM,SLM,"市值, FCF率, EBITDA≤0, 毛利率, 营收增长, F-Score","未达成长通道超卖标准, 市值, 营收增速, 毛利率, 40法则, 现金跑道, 利润率未改善"
SLVM,SLVM,"市值, FCF率, EBITDA≤0, 利息覆盖, 毛利率, 营收增长, F-Score","市值, 营收增速, 毛利率, 40法则, 现金跑道, 利润率未改善"
SMG,SMG,"市值, EBITDA≤0, 利息覆盖, 毛利率, 营收增长","未达成长通道超卖标准, 市值, 营收增速, 毛利率, 40法则"
SNEX,SNEX,"市值, FCF率, EBITDA≤0, 利息覆盖, 毛利率, 营收增长, F-Score","未达成长通道超卖标准, 市值, 营收增速, 毛利率, 40法则, 股权稀释, 利润率未改善"
SON,SON,"市值, FCF率, EBITDA≤0, 利息覆盖, 毛利率, 营收增长","未达成长通道超卖标准, 市值, 营收增速, 毛利率, 40法则"
SOUN,SOUN,"市值, FCF率, EBITDA≤0, 利息覆盖, 毛利率, 营收增长, F-Score","市值, 营收增速, 毛利率, 40法则, 现金跑道"
SPHR,SPHR,"市值, EBITDA≤0, 利息覆盖, 毛利率, 营收增长","市值, 营收增速, 毛利率, 40法则"
SPXC,SPXC,"市值, EBITDA≤0, 毛利率, 营收增长","未达成长通道超卖标准, 市值, 营收增速, 毛利率, 40法则, 利润率未改善"
SRRK,SRRK,"市值, FCF率, EBITDA≤0, 利息覆盖, 毛利率, 营收增长, F-Score","未达成长通道超卖标准, 市值, 营收增速, 毛利率, 40法则, 现金跑道, 股权稀释, 利润率未改善"
STC,STC,"市值, FCF率, EBITDA≤0, 毛利率, 营收增长, F-Score","未达成长通道超卖标准, 市值, 营收增速, 毛利率, 40法则, 股权稀释, 利润率未改善"
STOK,STOK,"市值, FCF率, EBITDA≤0, 毛利率, 营收增长, F-Score","市值, 营收增速, 毛利率, 40法则, 现金跑道, 股权稀释"
STVN,STVN,"市值, FCF率, EBITDA≤0, 毛利率, 营收增长","未达成长通道超卖标准, 市值, 营收增速, 毛利率, 40法则, 现金跑道"
STWD,STWD,"市值, EBITDA≤0, 毛利率, 营收增长, F-Score","未达成长通道超卖标准, 市值, 营收增速, 毛利率, 股权稀释, 利润率未改善"
SVM,SVM,"市值, EBITDA≤0, 毛利率, 营收增长, F-Score","市值, 营收增速, 毛利率, 40法则"
TBBK,TBBK,"市值, EBITDA≤0, 毛利率, 营收增长, F-Score","市值, 营收增速, 毛利率, 40法则, 利润率未改善"
TCOM,TCOM,"市值, FCF率, EBITDA≤0, 毛利率, 营收增长","市值, 营收增速, 毛利率, 40法则, 利润率未改善"
TDOC,TDOC,"市值, FCF率, EBITDA≤0, 利息覆盖, 毛利率, 营收增长, F-Score","市值, 营收增速, 毛利率, 40法则"
TFII,TFII,"市值, EBITDA≤0, 利息覆盖, 毛利率, 营收增长","未达成长通道超卖标准, 市值, 营收增速, 毛利率, 40法则, 利润率未改善"
THO,THO,"市值, FCF率, EBITDA≤0, 毛利率, 营收增长","市值, 营收增速, 毛利率, 40法则, 利润率未改善"
THRM,THRM,"市值, FCF率, EBITDA≤0, 利息覆盖, 毛利率, 营收增长, F-Score","未达成长通道超卖标准, 市值, 营收增速, 毛利率, 40法则, 利润率未改善"
TPB,TPB,"市值, FCF率, EBITDA≤0, 利息覆盖, 毛利率, 营收增长, F-Score","市值, 营收增速, 毛利率, 40法则, 利润率未改善"
TRN,TRN,"市值, FCF率, EBITDA≤0, 利息覆盖, 毛利率, 营收增长","未达成长通道超卖标准, 市值, 营收增速, 毛利率, 40法则, 现金跑道"
TRU,TRU,"市值, EBITDA≤0, 利息覆盖, 毛利率, 营收增长","未达成长通道超卖标准, 市值, 营收增速, 毛利率, 40法则"
TRVI,TRVI,"市值, FCF率, EBITDA≤0, 毛利率, 营收增长, F-Score","未达成长通道超卖标准, 市值, 营收增速, 毛利率, 40法则, 现金跑道, 股权稀释, 利润率未改善"
TSHA,TSHA,"市值, FCF率, EBITDA≤0, 利息覆盖, 毛利率, 营收增长, F-Score","市值, 营收增速, 毛利率, 40法则, 现金跑道, 股权稀释, 利润率未改善"
TTD,TTD,"市值, EBITDA≤0, 毛利率, 营收增长","市值, 营收增速, 毛利率, 40法则"
TTEK,TTEK,"市值, EBITDA≤0, 毛利率, 营收增长","未达成长通道超卖标准, 市值, 营收增速, 毛利率, 40法则"
TU,TU,"市值, EBITDA≤0, 利息覆盖, 毛利率, 营收增长","市值, 营收增速, 毛利率, 40法则"
TVTX,TVTX,"市值, FCF率, EBITDA≤0, 利息覆盖, 毛利率, 营收增长","未达成长通道超卖标准, 市值, 营收增速, 毛利率, 40法则"
TXT,TXT,"市值, FCF率, EBITDA≤0, 毛利率, 营收增长","未达成长通道超卖标准, 市值, 营收增速, 毛利率, 40法则"
UHAL,UHAL,"市值, FCF率, EBITDA≤0, 利息覆盖, 毛利率, 营收增长, F-Score","未达成长通道超卖标准, 市值, 营收增速, 毛利率, 40法则, 现金跑道, 利润率未改善"
UNIT,UNIT,"市值, FCF率, EBITDA≤0, 利息覆盖, 毛利率, 营收增长","市值, 营收增速, 毛利率, 40法则, 现金跑道, 利润率未改善"
UPS,UPS,"市值, EBITDA≤0, 毛利率, 营收增长","未达成长通道超卖标准, 市值, 营收增速, 毛利率, 40法则, 利润率未改善"
USAR,USAR,"市值, FCF率, EBITDA≤0, 利息覆盖, 毛利率, 营收增长, F-Score","市值, 营收增速, 毛利率, 40法则, 现金跑道, 股权稀释, 利润率未改善"
UUUU,UUUU,"市值, FCF率, EBITDA≤0, 利息覆盖, 毛利率, 营收增长, F-Score","市值, 营收增速, 毛利率, 40法则, 现金跑道, 股权稀释, 利润率未改善"
UWMC,UWMC,"市值, FCF率, EBITDA≤0, 毛利率, 营收增长, F-Score","市值, 营收增速, 毛利率, 40法则, 现金跑道, 股权稀释, 利润率未改善"
VC,VC,"市值, FCF率, EBITDA≤0, 毛利率, 营收增长","未达成长通道超卖标准, 市值, 营收增速, 毛利率, 40法则"
VICI,VICI,"市值, EBITDA≤0, 利息覆盖, 毛利率, 营收增长","未达成长通道超卖标准, 市值, 营收增速, 毛利率, 利润率未改善"
VRDN,VRDN,"市值, FCF率, EBITDA≤0, 利息覆盖, 毛利率, 营收增长, F-Score","市值, 营收增速, 毛利率, 40法则, 现金跑道, 股权稀释"
VVX,VVX,"市值, FCF率, EBITDA≤0, 利息覆盖, 毛利率, 营收增长","未达成长通道超卖标准, 市值, 营收增速, 毛利率, 40法则"
WAFD,WAFD,"市值, EBITDA≤0, 毛利率, 营收增长","未达成长通道超卖标准, 市值, 营收增速, 毛利率, 40法则, 利润率未改善"
WD,WD,"市值, FCF率, EBITDA≤0, 毛利率, 营收增长, F-Score","市值, 营收增速, 毛利率, 40法则, 现金跑道, 利润率未改善"
WEN,WEN,"市值, EBITDA≤0, 利息覆盖, 毛利率, 营收增长, F-Score","未达成长通道超卖标准, 市值, 营收增速, 毛利率, 40法则, 利润率未改善"
WERN,WERN,"市值, FCF率, EBITDA≤0, 利息覆盖, 毛利率, 营收增长, F-Score","未达成长通道超卖标准, 市值, 营收增速, 毛利率, 40法则, 利润率未改善"
WFRD,WFRD,"市值, EBITDA≤0, 利息覆盖, 毛利率, 营收增长","未达成长通道超卖标准, 市值, 营收增速, 毛利率, 40法则, 利润率未改善"
WHR,WHR,"市值, FCF率, EBITDA≤0, 利息覆盖, 毛利率, 营收增长, F-Score","市值, 营收增速, 毛利率, 40法则, 现金跑道, 利润率未改善"
WLDN,WLDN,"市值, EBITDA≤0, 毛利率, 营收增长","市值, 营收增速, 毛利率, 40法则"
WLK,WLK,"市值, FCF率, EBITDA≤0, 利息覆盖, 毛利率, 营收增长, F-Score","市值, 营收增速, 毛利率, 40法则, 现金跑道, 利润率未改善"
WRD,WRD,"市值, FCF率, EBITDA≤0, 利息覆盖, 毛利率, 营收增长, F-Score","市值, 营收增速, 毛利率, 40法则, 股权稀释"
WSC,WSC,"市值, EBITDA≤0, 利息覆盖, 毛利率, 营收增长, F-Score","市值, 营收增速, 毛利率, 40法则, 利润率未改善"
WSO,WSO,"市值, EBITDA≤0, 毛利率, 营收增长","市值, 营收增速, 毛利率, 40法则, 利润率未改善"
WY,WY,"市值, FCF率, EBITDA≤0, 利息覆盖, 毛利率, 营收增长, F-Score","未达成长通道超卖标准, 市值, 营收增速, 毛利率, 40法则, 现金跑道, 利润率未改善"
WYNN,WYNN,"市值, EBITDA≤0, 利息覆盖, 毛利率, 营收增长, F-Score","市值, 营收增速, 毛利率, 40法则, 利润率未改善"
XENE,XENE,"市值, FCF率, EBITDA≤0, 毛利率, 营收增长, F-Score","市值, 营收增速, 毛利率, 40法则, 现金跑道, 利润率未改善"
XPEV,XPEV,"市值, FCF率, EBITDA≤0, 利息覆盖, 毛利率, 营收增长","市值, 营收增速, 毛利率, 40法则"
XRAY,XRAY,"市值, FCF率, EBITDA≤0, 利息覆盖, 毛利率, 营收增长","市值, 营收增速, 毛利率, 40法则"
Z,Z,"市值, EBITDA≤0, 利息覆盖, 毛利率, 营收增长","市值, 营收增速, 毛利率, 40法则"
